CONNECT Administrador/Administrador;

INSERT INTO ROLES (ID_ROL, NOMBRE_ROL, DESCRIPCION) VALUES (1, 'Administrador', 'Rol con todos los privilegios');
INSERT INTO ROLES (ID_ROL, NOMBRE_ROL, DESCRIPCION) VALUES (2, 'Usuario', 'Rol con privilegios limitados');

INSERT INTO CATEGORIAS (ID_CATEGORIA, NOMBRE_CATEGORIA, DESCRIPCION) VALUES (1, 'Ropa de Hombre', 'Ropa para hombres');
INSERT INTO CATEGORIAS (ID_CATEGORIA, NOMBRE_CATEGORIA, DESCRIPCION) VALUES (2, 'Ropa de Mujer', 'Ropa para mujeres');
INSERT INTO CATEGORIAS (ID_CATEGORIA, NOMBRE_CATEGORIA, DESCRIPCION) VALUES (3, 'Ropa de Niño', 'Ropa para niños');

INSERT INTO COLOR (ID_COLOR, COLOR) VALUES (1, 'Rojo');
INSERT INTO COLOR (ID_COLOR, COLOR) VALUES (2, 'Azul');
INSERT INTO COLOR (ID_COLOR, COLOR) VALUES (3, 'Verde');
INSERT INTO COLOR (ID_COLOR, COLOR) VALUES (4, 'Amarillo');
INSERT INTO COLOR (ID_COLOR, COLOR) VALUES (5, 'Negro');
INSERT INTO COLOR (ID_COLOR, COLOR) VALUES (6, 'Blanco');
INSERT INTO COLOR (ID_COLOR, COLOR) VALUES (7, 'Gris');
INSERT INTO COLOR (ID_COLOR, COLOR) VALUES (8, 'Rosa');
INSERT INTO COLOR (ID_COLOR, COLOR) VALUES (9, 'Naranja');
INSERT INTO COLOR (ID_COLOR, COLOR) VALUES (10, 'Morado');

INSERT INTO TALLAS (ID_TALLA, TALLA) VALUES (1, '1');
INSERT INTO TALLAS (ID_TALLA, TALLA) VALUES (2, '2');
INSERT INTO TALLAS (ID_TALLA, TALLA) VALUES (3, '3');
INSERT INTO TALLAS (ID_TALLA, TALLA) VALUES (4, '4');
INSERT INTO TALLAS (ID_TALLA, TALLA) VALUES (5, '5');
INSERT INTO TALLAS (ID_TALLA, TALLA) VALUES (6, '6');
INSERT INTO TALLAS (ID_TALLA, TALLA) VALUES (7, '7');
INSERT INTO TALLAS (ID_TALLA, TALLA) VALUES (8, '8');
INSERT INTO TALLAS (ID_TALLA, TALLA) VALUES (9, '9');
INSERT INTO TALLAS (ID_TALLA, TALLA) VALUES (10, '10');
INSERT INTO TALLAS (ID_TALLA, TALLA) VALUES (11, 'S');
INSERT INTO TALLAS (ID_TALLA, TALLA) VALUES (12, 'M');
INSERT INTO TALLAS (ID_TALLA, TALLA) VALUES (13, 'L');
INSERT INTO TALLAS (ID_TALLA, TALLA) VALUES (14, 'XL');

INSERT INTO USUARIOS (ID_USUARIO, NOMBRE, APELLIDO, CORREO, TELEFONO, ID_ROL) VALUES (1, 'Bryan', 'Davila', 'bdavila@chillyouknow.com', '123456789', 1);
INSERT INTO USUARIOS (ID_USUARIO, NOMBRE, APELLIDO, CORREO, TELEFONO, ID_ROL) VALUES (2, 'Gustavo', 'Chavarria', 'gchavarria@chillyouknow.com', '987654321', 1);
INSERT INTO USUARIOS (ID_USUARIO, NOMBRE, APELLIDO, CORREO, TELEFONO, ID_ROL) VALUES (3, 'Jose', 'Madrigal', 'jmadrigal@chillyouknow.com', '555555555', 1);
INSERT INTO USUARIOS (ID_USUARIO, NOMBRE, APELLIDO, CORREO, TELEFONO, ID_ROL) VALUES (4, 'Sebastian', 'Reyes', 'sreyes@chillyouknow.com', '444444444', 1);
INSERT INTO USUARIOS (ID_USUARIO, NOMBRE, APELLIDO, CORREO, TELEFONO, ID_ROL) VALUES (5, 'Andres', 'Mendez', 'amendez@chillyouknow.com', '333333333', 2);
INSERT INTO USUARIOS (ID_USUARIO, NOMBRE, APELLIDO, CORREO, TELEFONO, ID_ROL) VALUES (6, 'Jose', 'Gamboa', 'jgamboa@chillyouknow.com', '222222222', 2);
INSERT INTO USUARIOS (ID_USUARIO, NOMBRE, APELLIDO, CORREO, TELEFONO, ID_ROL) VALUES (7, 'Jullian', 'Gomez', 'jgomez@chillyouknow.com', '111111111', 2);
INSERT INTO USUARIOS (ID_USUARIO, NOMBRE, APELLIDO, CORREO, TELEFONO, ID_ROL) VALUES (8, 'Yuelt', 'Bonilla', 'ybonilla@chillyouknow.com', '999999999', 2);
INSERT INTO USUARIOS (ID_USUARIO, NOMBRE, APELLIDO, CORREO, TELEFONO, ID_ROL) VALUES (9, 'Sofia', 'Gutierrez', 'sgutierrez@chillyouknow.com', '888888888', 2);
INSERT INTO USUARIOS (ID_USUARIO, NOMBRE, APELLIDO, CORREO, TELEFONO, ID_ROL) VALUES (10, 'Nathalia', 'Garcia', 'ngarcia@chillyouknow.com', '777777777', 2);
INSERT INTO USUARIOS (ID_USUARIO, NOMBRE, APELLIDO, CORREO, TELEFONO, ID_ROL) VALUES (11, 'Dora', 'Gutierrez', 'dgutierrez@chillyouknow.com', '666666666', 2);
INSERT INTO USUARIOS (ID_USUARIO, NOMBRE, APELLIDO, CORREO, TELEFONO, ID_ROL) VALUES (12, 'Beatriz', 'Garcia', 'bgarcia@chillyouknow.com', '555555555', 2);
INSERT INTO USUARIOS (ID_USUARIO, NOMBRE, APELLIDO, CORREO, TELEFONO, ID_ROL) VALUES (13, 'Pablo', 'Castro', 'pcastro@chillyouknow.com', '444444444', 2);
INSERT INTO USUARIOS (ID_USUARIO, NOMBRE, APELLIDO, CORREO, TELEFONO, ID_ROL) VALUES (14, 'Elena', 'Vargas', 'evargas@chillyouknow.com', '333333333', 2);
INSERT INTO USUARIOS (ID_USUARIO, NOMBRE, APELLIDO, CORREO, TELEFONO, ID_ROL) VALUES (15, 'Joiner', 'Mendoza', 'jmendoza@chillyouknow.com', '222222222', 2);
INSERT INTO USUARIOS (ID_USUARIO, NOMBRE, APELLIDO, CORREO, TELEFONO, ID_ROL) VALUES (16, 'Paula', 'Guerrero', 'pguerrero@chillyouknow.com', '111111111', 2);
INSERT INTO USUARIOS (ID_USUARIO, NOMBRE, APELLIDO, CORREO, TELEFONO, ID_ROL) VALUES (17, 'Sergio', 'Romero', 'sromero@chillyouknow.com', '999999999', 2);
INSERT INTO USUARIOS (ID_USUARIO, NOMBRE, APELLIDO, CORREO, TELEFONO, ID_ROL) VALUES (18, 'Raquel', 'Rojas', 'rrojas@chillyouknow.com', '888888888', 2);
INSERT INTO USUARIOS (ID_USUARIO, NOMBRE, APELLIDO, CORREO, TELEFONO, ID_ROL) VALUES (19, 'Hector', 'Cruz', 'hcruz@chillyouknow.com', '777777777', 2);
INSERT INTO USUARIOS (ID_USUARIO, NOMBRE, APELLIDO, CORREO, TELEFONO, ID_ROL) VALUES (20, 'Nela', 'Soto', 'nsoto@chillyouknow.com', '666666666', 2);

INSERT INTO PRODUCTOS (ID_PRODUCTO, NOMBRE_PRODUCTO, DESCRIPCION, PRECIO, STOCK, ID_CATEGORIA, RUTA_IMAGEN) VALUES (1, 'Camisa Hombre', 'Camisa formal de hombre', 12000.00, 150, 1, '');
INSERT INTO PRODUCTOS (ID_PRODUCTO, NOMBRE_PRODUCTO, DESCRIPCION, PRECIO, STOCK, ID_CATEGORIA, RUTA_IMAGEN) VALUES (2, 'Pantalón Hombre', 'Pantalón casual de hombre', 15000.00, 140, 1, '');
INSERT INTO PRODUCTOS (ID_PRODUCTO, NOMBRE_PRODUCTO, DESCRIPCION, PRECIO, STOCK, ID_CATEGORIA, RUTA_IMAGEN) VALUES (3, 'Vestido Mujer', 'Vestido de noche para mujer', 25000.00, 110, 2, '');
INSERT INTO PRODUCTOS (ID_PRODUCTO, NOMBRE_PRODUCTO, DESCRIPCION, PRECIO, STOCK, ID_CATEGORIA, RUTA_IMAGEN) VALUES (4, 'Falda Mujer', 'Falda corta para mujer', 14000.00, 180, 2, '');
INSERT INTO PRODUCTOS (ID_PRODUCTO, NOMBRE_PRODUCTO, DESCRIPCION, PRECIO, STOCK, ID_CATEGORIA, RUTA_IMAGEN) VALUES (5, 'Camisa Niño', 'Camisa casual para niño', 11000.00, 190, 3, '');
INSERT INTO PRODUCTOS (ID_PRODUCTO, NOMBRE_PRODUCTO, DESCRIPCION, PRECIO, STOCK, ID_CATEGORIA, RUTA_IMAGEN) VALUES (6, 'Pantalón Niño', 'Pantalón deportivo para niño', 16000.00, 120, 3, '');
INSERT INTO PRODUCTOS (ID_PRODUCTO, NOMBRE_PRODUCTO, DESCRIPCION, PRECIO, STOCK, ID_CATEGORIA, RUTA_IMAGEN) VALUES (7, 'Blusa Mujer', 'Blusa elegante para mujer', 22000.00, 150, 2, '');
INSERT INTO PRODUCTOS (ID_PRODUCTO, NOMBRE_PRODUCTO, DESCRIPCION, PRECIO, STOCK, ID_CATEGORIA, RUTA_IMAGEN) VALUES (8, 'Chaqueta Hombre', 'Chaqueta de cuero para hombre', 29000.00, 100, 1, '');
INSERT INTO PRODUCTOS (ID_PRODUCTO, NOMBRE_PRODUCTO, DESCRIPCION, PRECIO, STOCK, ID_CATEGORIA, RUTA_IMAGEN) VALUES (9, 'Short Niño', 'Short de playa para niño', 10000.00, 160, 3, '');
INSERT INTO PRODUCTOS (ID_PRODUCTO, NOMBRE_PRODUCTO, DESCRIPCION, PRECIO, STOCK, ID_CATEGORIA, RUTA_IMAGEN) VALUES (10, 'Blazer Mujer', 'Blazer formal para mujer', 28000.00, 140, 2, '');
INSERT INTO PRODUCTOS (ID_PRODUCTO, NOMBRE_PRODUCTO, DESCRIPCION, PRECIO, STOCK, ID_CATEGORIA, RUTA_IMAGEN) VALUES (11, 'Camisa Formal Hombre', 'Camisa formal de hombre', 15000.00, 130, 1, '');
INSERT INTO PRODUCTOS (ID_PRODUCTO, NOMBRE_PRODUCTO, DESCRIPCION, PRECIO, STOCK, ID_CATEGORIA, RUTA_IMAGEN) VALUES (12, 'Vestido Fiesta Niño', 'Vestido de fiesta para niño', 22000.00, 120, 3, '');
INSERT INTO PRODUCTOS (ID_PRODUCTO, NOMBRE_PRODUCTO, DESCRIPCION, PRECIO, STOCK, ID_CATEGORIA, RUTA_IMAGEN) VALUES (13, 'Polo Casual Hombre', 'Polo casual para hombre', 13000.00, 160, 1, '');
INSERT INTO PRODUCTOS (ID_PRODUCTO, NOMBRE_PRODUCTO, DESCRIPCION, PRECIO, STOCK, ID_CATEGORIA, RUTA_IMAGEN) VALUES (14, 'Jersey Lana Mujer', 'Jersey de lana para mujer', 21000.00, 150, 2, '');
INSERT INTO PRODUCTOS (ID_PRODUCTO, NOMBRE_PRODUCTO, DESCRIPCION, PRECIO, STOCK, ID_CATEGORIA, RUTA_IMAGEN) VALUES (15, 'Chaleco Deportivo Hombre', 'Chaleco deportivo para hombre', 16000.00, 140, 1, '');
INSERT INTO PRODUCTOS (ID_PRODUCTO, NOMBRE_PRODUCTO, DESCRIPCION, PRECIO, STOCK, ID_CATEGORIA, RUTA_IMAGEN) VALUES (16, 'Leggings Deportivos Mujer', 'Leggings deportivos para mujer', 13000.00, 150, 2, '');
INSERT INTO PRODUCTOS (ID_PRODUCTO, NOMBRE_PRODUCTO, DESCRIPCION, PRECIO, STOCK, ID_CATEGORIA, RUTA_IMAGEN) VALUES (17, 'Bermuda Casual Niño', 'Bermuda casual para niño', 11000.00, 180, 3, '');
INSERT INTO PRODUCTOS (ID_PRODUCTO, NOMBRE_PRODUCTO, DESCRIPCION, PRECIO, STOCK, ID_CATEGORIA, RUTA_IMAGEN) VALUES (18, 'Camisa Seda Mujer', 'Camisa de seda para mujer', 23000.00, 140, 2, '');
INSERT INTO PRODUCTOS (ID_PRODUCTO, NOMBRE_PRODUCTO, DESCRIPCION, PRECIO, STOCK, ID_CATEGORIA, RUTA_IMAGEN) VALUES (19, 'Bufanda Lana Mujer', 'Bufanda de lana para mujer', 12000.00, 160, 2, '');
INSERT INTO PRODUCTOS (ID_PRODUCTO, NOMBRE_PRODUCTO, DESCRIPCION, PRECIO, STOCK, ID_CATEGORIA, RUTA_IMAGEN) VALUES (20, 'Chaqueta Invierno Mujer', 'Chaqueta abrigadora para mujer', 35000.00, 90, 2, '');


INSERT INTO PEDIDOS (ID_PEDIDO, FECHA, ID_USUARIO, PRECIO_UNITARIO, ID_PRODUCTO, CANTIDAD, TOTAL) VALUES (1, SYSDATE, 1, 12000.00, 1, 2, 24000.00);
INSERT INTO PEDIDOS (ID_PEDIDO, FECHA, ID_USUARIO, PRECIO_UNITARIO, ID_PRODUCTO, CANTIDAD, TOTAL) VALUES (2, SYSDATE, 2, 15000.00, 2, 1, 15000.00);
INSERT INTO PEDIDOS (ID_PEDIDO, FECHA, ID_USUARIO, PRECIO_UNITARIO, ID_PRODUCTO, CANTIDAD, TOTAL) VALUES (3, SYSDATE, 3, 25000.00, 3, 3, 75000.00);
INSERT INTO PEDIDOS (ID_PEDIDO, FECHA, ID_USUARIO, PRECIO_UNITARIO, ID_PRODUCTO, CANTIDAD, TOTAL) VALUES (4, SYSDATE, 4, 14000.00, 4, 2, 28000.00);
INSERT INTO PEDIDOS (ID_PEDIDO, FECHA, ID_USUARIO, PRECIO_UNITARIO, ID_PRODUCTO, CANTIDAD, TOTAL) VALUES (5, SYSDATE, 5, 11000.00, 5, 4, 44000.00);
INSERT INTO PEDIDOS (ID_PEDIDO, FECHA, ID_USUARIO, PRECIO_UNITARIO, ID_PRODUCTO, CANTIDAD, TOTAL) VALUES (6, SYSDATE, 6, 16000.00, 6, 3, 48000.00);
INSERT INTO PEDIDOS (ID_PEDIDO, FECHA, ID_USUARIO, PRECIO_UNITARIO, ID_PRODUCTO, CANTIDAD, TOTAL) VALUES (7, SYSDATE, 7, 22000.00, 7, 1, 22000.00);
INSERT INTO PEDIDOS (ID_PEDIDO, FECHA, ID_USUARIO, PRECIO_UNITARIO, ID_PRODUCTO, CANTIDAD, TOTAL) VALUES (8, SYSDATE, 8, 29000.00, 8, 2, 58000.00);
INSERT INTO PEDIDOS (ID_PEDIDO, FECHA, ID_USUARIO, PRECIO_UNITARIO, ID_PRODUCTO, CANTIDAD, TOTAL) VALUES (9, SYSDATE, 9, 10000.00, 9, 5, 50000.00);
INSERT INTO PEDIDOS (ID_PEDIDO, FECHA, ID_USUARIO, PRECIO_UNITARIO, ID_PRODUCTO, CANTIDAD, TOTAL) VALUES (10, SYSDATE, 10, 28000.00, 10, 1, 28000.00);
INSERT INTO PEDIDOS (ID_PEDIDO, FECHA, ID_USUARIO, PRECIO_UNITARIO, ID_PRODUCTO, CANTIDAD, TOTAL) VALUES (11, SYSDATE, 11, 15000.00, 11, 1, 15000.00);
INSERT INTO PEDIDOS (ID_PEDIDO, FECHA, ID_USUARIO, PRECIO_UNITARIO, ID_PRODUCTO, CANTIDAD, TOTAL) VALUES (12, SYSDATE, 12, 22000.00, 12, 2, 44000.00);
INSERT INTO PEDIDOS (ID_PEDIDO, FECHA, ID_USUARIO, PRECIO_UNITARIO, ID_PRODUCTO, CANTIDAD, TOTAL) VALUES (13, SYSDATE, 13, 13000.00, 13, 3, 39000.00);
INSERT INTO PEDIDOS (ID_PEDIDO, FECHA, ID_USUARIO, PRECIO_UNITARIO, ID_PRODUCTO, CANTIDAD, TOTAL) VALUES (14, SYSDATE, 14, 21000.00, 14, 1, 21000.00);
INSERT INTO PEDIDOS (ID_PEDIDO, FECHA, ID_USUARIO, PRECIO_UNITARIO, ID_PRODUCTO, CANTIDAD, TOTAL) VALUES (15, SYSDATE, 15, 16000.00, 15, 2, 32000.00);
INSERT INTO PEDIDOS (ID_PEDIDO, FECHA, ID_USUARIO, PRECIO_UNITARIO, ID_PRODUCTO, CANTIDAD, TOTAL) VALUES (16, SYSDATE, 16, 13000.00, 16, 2, 26000.00);
INSERT INTO PEDIDOS (ID_PEDIDO, FECHA, ID_USUARIO, PRECIO_UNITARIO, ID_PRODUCTO, CANTIDAD, TOTAL) VALUES (17, SYSDATE, 17, 11000.00, 17, 4, 44000.00);
INSERT INTO PEDIDOS (ID_PEDIDO, FECHA, ID_USUARIO, PRECIO_UNITARIO, ID_PRODUCTO, CANTIDAD, TOTAL) VALUES (18, SYSDATE, 18, 23000.00, 18, 2, 46000.00);
INSERT INTO PEDIDOS (ID_PEDIDO, FECHA, ID_USUARIO, PRECIO_UNITARIO, ID_PRODUCTO, CANTIDAD, TOTAL) VALUES (19, SYSDATE, 19, 12000.00, 19, 5, 60000.00);
INSERT INTO PEDIDOS (ID_PEDIDO, FECHA, ID_USUARIO, PRECIO_UNITARIO, ID_PRODUCTO, CANTIDAD, TOTAL) VALUES (20, SYSDATE, 20, 12000.00, 20, 5, 60000.00);

INSERT INTO FACTURAS (ID_FACTURA, ID_PEDIDO, ID_USUARIO, FECHA_EMISION, TOTAL) VALUES (1, 1, 1, SYSDATE, 24000.00);
INSERT INTO FACTURAS (ID_FACTURA, ID_PEDIDO, ID_USUARIO, FECHA_EMISION, TOTAL) VALUES (2, 2, 2, SYSDATE, 15000.00);
INSERT INTO FACTURAS (ID_FACTURA, ID_PEDIDO, ID_USUARIO, FECHA_EMISION, TOTAL) VALUES (3, 3, 3, SYSDATE, 75000.00);
INSERT INTO FACTURAS (ID_FACTURA, ID_PEDIDO, ID_USUARIO, FECHA_EMISION, TOTAL) VALUES (4, 4, 4, SYSDATE, 28000.00);
INSERT INTO FACTURAS (ID_FACTURA, ID_PEDIDO, ID_USUARIO, FECHA_EMISION, TOTAL) VALUES (5, 5, 5, SYSDATE, 44000.00);
INSERT INTO FACTURAS (ID_FACTURA, ID_PEDIDO, ID_USUARIO, FECHA_EMISION, TOTAL) VALUES (6, 6, 6, SYSDATE, 48000.00);
INSERT INTO FACTURAS (ID_FACTURA, ID_PEDIDO, ID_USUARIO, FECHA_EMISION, TOTAL) VALUES (7, 7, 7, SYSDATE, 22000.00);
INSERT INTO FACTURAS (ID_FACTURA, ID_PEDIDO, ID_USUARIO, FECHA_EMISION, TOTAL) VALUES (8, 8, 8, SYSDATE, 58000.00);
INSERT INTO FACTURAS (ID_FACTURA, ID_PEDIDO, ID_USUARIO, FECHA_EMISION, TOTAL) VALUES (9, 9, 9, SYSDATE, 50000.00);
INSERT INTO FACTURAS (ID_FACTURA, ID_PEDIDO, ID_USUARIO, FECHA_EMISION, TOTAL) VALUES (10, 10, 10, SYSDATE, 28000.00);
INSERT INTO FACTURAS (ID_FACTURA, ID_PEDIDO, ID_USUARIO, FECHA_EMISION, TOTAL) VALUES (11, 11, 11, SYSDATE, 15000.00);
INSERT INTO FACTURAS (ID_FACTURA, ID_PEDIDO, ID_USUARIO, FECHA_EMISION, TOTAL) VALUES (12, 12, 12, SYSDATE, 44000.00);
INSERT INTO FACTURAS (ID_FACTURA, ID_PEDIDO, ID_USUARIO, FECHA_EMISION, TOTAL) VALUES (13, 13, 13, SYSDATE, 39000.00);
INSERT INTO FACTURAS (ID_FACTURA, ID_PEDIDO, ID_USUARIO, FECHA_EMISION, TOTAL) VALUES (14, 14, 14, SYSDATE, 21000.00);
INSERT INTO FACTURAS (ID_FACTURA, ID_PEDIDO, ID_USUARIO, FECHA_EMISION, TOTAL) VALUES (15, 15, 15, SYSDATE, 32000.00);
INSERT INTO FACTURAS (ID_FACTURA, ID_PEDIDO, ID_USUARIO, FECHA_EMISION, TOTAL) VALUES (16, 16, 16, SYSDATE, 26000.00);
INSERT INTO FACTURAS (ID_FACTURA, ID_PEDIDO, ID_USUARIO, FECHA_EMISION, TOTAL) VALUES (17, 17, 17, SYSDATE, 44000.00);
INSERT INTO FACTURAS (ID_FACTURA, ID_PEDIDO, ID_USUARIO, FECHA_EMISION, TOTAL) VALUES (18, 18, 18, SYSDATE, 46000.00);
INSERT INTO FACTURAS (ID_FACTURA, ID_PEDIDO, ID_USUARIO, FECHA_EMISION, TOTAL) VALUES (19, 19, 19, SYSDATE, 60000.00);
INSERT INTO FACTURAS (ID_FACTURA, ID_PEDIDO, ID_USUARIO, FECHA_EMISION, TOTAL) VALUES (20, 20, 20, SYSDATE, 60000.00);

INSERT INTO SALARIO (ID_SALARIO, ID_USUARIO, MONTO, FECHA_INICIO, FECHA_FIN) VALUES (1, 1, 700000.00, TO_DATE('2024-01-01', 'YYYY-MM-DD'), TO_DATE('2024-12-31', 'YYYY-MM-DD'));
INSERT INTO SALARIO (ID_SALARIO, ID_USUARIO, MONTO, FECHA_INICIO, FECHA_FIN) VALUES (2, 2, 800000.00, TO_DATE('2024-01-01', 'YYYY-MM-DD'), TO_DATE('2024-12-31', 'YYYY-MM-DD'));
INSERT INTO SALARIO (ID_SALARIO, ID_USUARIO, MONTO, FECHA_INICIO, FECHA_FIN) VALUES (3, 3, 900000.00, TO_DATE('2024-01-01', 'YYYY-MM-DD'), TO_DATE('2024-12-31', 'YYYY-MM-DD'));
INSERT INTO SALARIO (ID_SALARIO, ID_USUARIO, MONTO, FECHA_INICIO, FECHA_FIN) VALUES (4, 4, 750000.00, TO_DATE('2024-01-01', 'YYYY-MM-DD'), TO_DATE('2024-12-31', 'YYYY-MM-DD'));

INSERT INTO INVENTARIO (ID_INVENTARIO, ID_PRODUCTO, CANTIDAD_DISPONIBLE) VALUES (1, 1, 150);
INSERT INTO INVENTARIO (ID_INVENTARIO, ID_PRODUCTO, CANTIDAD_DISPONIBLE) VALUES (2, 2, 140);
INSERT INTO INVENTARIO (ID_INVENTARIO, ID_PRODUCTO, CANTIDAD_DISPONIBLE) VALUES (3, 3, 110);
INSERT INTO INVENTARIO (ID_INVENTARIO, ID_PRODUCTO, CANTIDAD_DISPONIBLE) VALUES (4, 4, 180);
INSERT INTO INVENTARIO (ID_INVENTARIO, ID_PRODUCTO, CANTIDAD_DISPONIBLE) VALUES (5, 5, 190);
INSERT INTO INVENTARIO (ID_INVENTARIO, ID_PRODUCTO, CANTIDAD_DISPONIBLE) VALUES (6, 6, 120);
INSERT INTO INVENTARIO (ID_INVENTARIO, ID_PRODUCTO, CANTIDAD_DISPONIBLE) VALUES (7, 7, 150);
INSERT INTO INVENTARIO (ID_INVENTARIO, ID_PRODUCTO, CANTIDAD_DISPONIBLE) VALUES (8, 8, 100);
INSERT INTO INVENTARIO (ID_INVENTARIO, ID_PRODUCTO, CANTIDAD_DISPONIBLE) VALUES (9, 9, 160);
INSERT INTO INVENTARIO (ID_INVENTARIO, ID_PRODUCTO, CANTIDAD_DISPONIBLE) VALUES (10, 10, 140);
INSERT INTO INVENTARIO (ID_INVENTARIO, ID_PRODUCTO, CANTIDAD_DISPONIBLE) VALUES (11, 11, 130);
INSERT INTO INVENTARIO (ID_INVENTARIO, ID_PRODUCTO, CANTIDAD_DISPONIBLE) VALUES (12, 12, 120);
INSERT INTO INVENTARIO (ID_INVENTARIO, ID_PRODUCTO, CANTIDAD_DISPONIBLE) VALUES (13, 13, 160);
INSERT INTO INVENTARIO (ID_INVENTARIO, ID_PRODUCTO, CANTIDAD_DISPONIBLE) VALUES (14, 14, 150);
INSERT INTO INVENTARIO (ID_INVENTARIO, ID_PRODUCTO, CANTIDAD_DISPONIBLE) VALUES (15, 15, 140);
INSERT INTO INVENTARIO (ID_INVENTARIO, ID_PRODUCTO, CANTIDAD_DISPONIBLE) VALUES (16, 16, 150);
INSERT INTO INVENTARIO (ID_INVENTARIO, ID_PRODUCTO, CANTIDAD_DISPONIBLE) VALUES (17, 17, 180);
INSERT INTO INVENTARIO (ID_INVENTARIO, ID_PRODUCTO, CANTIDAD_DISPONIBLE) VALUES (18, 18, 140);
INSERT INTO INVENTARIO (ID_INVENTARIO, ID_PRODUCTO, CANTIDAD_DISPONIBLE) VALUES (19, 19, 160);
INSERT INTO INVENTARIO (ID_INVENTARIO, ID_PRODUCTO, CANTIDAD_DISPONIBLE) VALUES (20, 20, 90);

INSERT INTO ROPA (ID_ROPA, ID_PRODUCTO, ID_TALLA, ID_COLOR, TIPO, RUTA_IMAGEN) VALUES (1, 1, 11, 1, 'Camisa Hombre', '');
INSERT INTO ROPA (ID_ROPA, ID_PRODUCTO, ID_TALLA, ID_COLOR, TIPO, RUTA_IMAGEN) VALUES (2, 2, 12, 2, 'Pantalón Hombre', '');
INSERT INTO ROPA (ID_ROPA, ID_PRODUCTO, ID_TALLA, ID_COLOR, TIPO, RUTA_IMAGEN) VALUES (3, 3, 13, 3, 'Vestido Mujer', '');
INSERT INTO ROPA (ID_ROPA, ID_PRODUCTO, ID_TALLA, ID_COLOR, TIPO, RUTA_IMAGEN) VALUES (4, 4, 14, 4, 'Falda Mujer', '');
INSERT INTO ROPA (ID_ROPA, ID_PRODUCTO, ID_TALLA, ID_COLOR, TIPO, RUTA_IMAGEN) VALUES (5, 5, 11, 5, 'Camisa Niño', '');
INSERT INTO ROPA (ID_ROPA, ID_PRODUCTO, ID_TALLA, ID_COLOR, TIPO, RUTA_IMAGEN) VALUES (6, 6, 12, 6, 'Pantalón Niño', '');
INSERT INTO ROPA (ID_ROPA, ID_PRODUCTO, ID_TALLA, ID_COLOR, TIPO, RUTA_IMAGEN) VALUES (7, 7, 13, 7, 'Blusa Mujer', '');
INSERT INTO ROPA (ID_ROPA, ID_PRODUCTO, ID_TALLA, ID_COLOR, TIPO, RUTA_IMAGEN) VALUES (8, 8, 14, 8, 'Chaqueta Hombre', '');
INSERT INTO ROPA (ID_ROPA, ID_PRODUCTO, ID_TALLA, ID_COLOR, TIPO, RUTA_IMAGEN) VALUES (9, 9, 11, 9, 'Short Niño', '');
INSERT INTO ROPA (ID_ROPA, ID_PRODUCTO, ID_TALLA, ID_COLOR, TIPO, RUTA_IMAGEN) VALUES (10, 10, 12, 10, 'Blazer Mujer', '');
INSERT INTO ROPA (ID_ROPA, ID_PRODUCTO, ID_TALLA, ID_COLOR, TIPO, RUTA_IMAGEN) VALUES (11, 11, 13, 1, 'Camisa Formal Hombre', '');
INSERT INTO ROPA (ID_ROPA, ID_PRODUCTO, ID_TALLA, ID_COLOR, TIPO, RUTA_IMAGEN) VALUES (12, 12, 14, 2, 'Vestido Fiesta Niño', '');
INSERT INTO ROPA (ID_ROPA, ID_PRODUCTO, ID_TALLA, ID_COLOR, TIPO, RUTA_IMAGEN) VALUES (13, 13, 11, 3, 'Polo Casual Hombre', '');
INSERT INTO ROPA (ID_ROPA, ID_PRODUCTO, ID_TALLA, ID_COLOR, TIPO, RUTA_IMAGEN) VALUES (14, 14, 12, 4, 'Jersey Lana Mujer', '');
INSERT INTO ROPA (ID_ROPA, ID_PRODUCTO, ID_TALLA, ID_COLOR, TIPO, RUTA_IMAGEN) VALUES (15, 15, 13, 5, 'Chaleco Deportivo Hombre', '');
INSERT INTO ROPA (ID_ROPA, ID_PRODUCTO, ID_TALLA, ID_COLOR, TIPO, RUTA_IMAGEN) VALUES (16, 16, 14, 6, 'Leggings Deportivos Mujer', '');
INSERT INTO ROPA (ID_ROPA, ID_PRODUCTO, ID_TALLA, ID_COLOR, TIPO, RUTA_IMAGEN) VALUES (17, 17, 11, 7, 'Bermuda Casual Niño', '');
INSERT INTO ROPA (ID_ROPA, ID_PRODUCTO, ID_TALLA, ID_COLOR, TIPO, RUTA_IMAGEN) VALUES (18, 18, 12, 8, 'Camisa Seda Mujer', '');
INSERT INTO ROPA (ID_ROPA, ID_PRODUCTO, ID_TALLA, ID_COLOR, TIPO, RUTA_IMAGEN) VALUES (19, 19, 13, 9, 'Bufanda Lana Mujer', '');
INSERT INTO ROPA (ID_ROPA, ID_PRODUCTO, ID_TALLA, ID_COLOR, TIPO, RUTA_IMAGEN) VALUES (20, 20, 14, 10, 'Chaqueta Invierno Mujer', '');



